编号,文件路径,标题,当前外部链接
CV,files/xue_cv.pdf,Curriculum Vitae,https://pan.baidu.com/s/19CU1CV926xhdhiKf8bNUeA?pwd=4xum
35,papers/TXX-LoglogEuler-patch.pdf,A revisit of patch solutions for the 2D Loglog-Euler type equation.,https://pan.baidu.com/s/1wldKh1YFgEZiZZWWjPTGGQ?pwd=etuu
34,papers/MTXX-gSQGpatch.pdf,Local regularity and finite-time singularity for a class of generalized SQG patches on the half-plane.,https://pan.baidu.com/s/1hnu49V_mm9XrSbpN8JyUPQ?pwd=kwmg
33,papers/HXX-doubVstates.pdf,Doubly connected V-states in geophysical models: a general framework.,https://pan.baidu.com/s/12FlnrrUUT7Led1X9IX_FBg?pwd=prma
32,papers/HXX-Vstate-gene.pdf,Unified theory on V-states structures for active scalar equations.,https://pan.baidu.com/s/1iHgNxxrV-zfpjfuewdBeAw?pwd=8ahs
31,papers/LXY-fracBouss-patch.pdf,Global regularity and infinite Prandtl number limit of temperature patches for the 2D Boussinesq system.,https://pan.baidu.com/s/1k3vUQHdULImewO58Kpuj1Q?pwd=7785
30,papers/LMTX-uniEAS.pdf,Global well-posedness and refined regularity criterion for the uni-directional Euler-alignment system.,https://pan.baidu.com/s/15Ts2nufMdr47bV8-qA3-7g?pwd=3usg
29,papers/BXX-EAS-press2.pdf,Global well-posedness and asymptotic behavior for the Euler-alignment system with pressure.,https://pan.baidu.com/s/1vo3b0lhZ1RW7BHT2EZ0pKg?pwd=x5xm
28,papers/BMTX-EAS-press.pdf,Global well-posedness and asymptotic behavior in critical spaces for the compressible Euler system with velocity alignment.,https://pan.baidu.com/s/1lgmAUv8sb04rFiE0O1TgAw?pwd=mwpx
27,papers/LLX-3DBouss-patch.pdf,On the regularity of temperature fronts for the 3D viscous Boussinesq system.,https://pan.baidu.com/s/1dWOgoMpyAZrq-qDVxaFpiw?pwd=36ik
26,papers/HXX-gSQG-Vstate.pdf,Emergence of time periodic solutions for the generalized surface quasi-geostrophic equation in the disc.,https://pan.baidu.com/s/1KsXYXsSwDXvVc0G3NREtAQ?pwd=71ij
25,papers/LMX-fracINS.pdf,Global well-posedness for 2D fractional inhomogeneous Navier-Stokes equations with rough density.,https://pan.baidu.com/s/154kkuP-m4uewB5-YbTp3Ig?pwd=s8iy
24,papers/CMX-2DBouss-patch.pdf,Global regularity of non-diffusive temperature fronts for the 2D viscous Boussinesq system.,https://pan.baidu.com/s/1-JmWwQ8cX6_PS1n0OdMmxQ?pwd=c4xe
24,papers/Erratum-SIMA.pdf,Global regularity of non-diffusive temperature fronts for the 2D viscous Boussinesq system.,https://pan.baidu.com/s/1JAyQFBnCqgMTanTPazVgBg?pwd=csg2
23,papers/MX-BoussEq-meas.pdf,Boussinesq system with measure forcing.,https://pan.baidu.com/s/1a21SdPymwjxRW176YMSOgA?pwd=sype
22,papers/MTX-GR-1D-EAS.pdf,Global regularity for a 1D Euler-alignment system with misalignment.,https://pan.baidu.com/s/1DoztckxKpsUETlPtkqZ7HA?pwd=nb2p
21,papers/MX-WhithamEq.pdf,Regularity and singularity results for the dissipative Whitham equation and related surface wave equations.,https://pan.baidu.com/s/1eHChEEnpsLtaPWG9xmp0Lw?pwd=qa2x
20,papers/LX_gSQG-Regu.pdf,Regularity results for a class of generalized surface quasi-geostrophic equations.,https://pan.baidu.com/s/1YF2tiURIcGKVRLTNZlFSdQ?pwd=3xzq
19,papers/MXZ_InhomNS.pdf,Between homogeneous and inhomogeneous Navier-Stokes systems: the issue of stability.,https://pan.baidu.com/s/1cH4h5cWbE6s-urQeGU7vUw?pwd=s12v
18,papers/MX_reg-DD.pdf,On the regularity issues of a class of drift-diffusion equations with nonlocal diffusion.,https://pan.baidu.com/s/1TZp4fQTyxQjbL4FqmHr6Yw?pwd=we41
17,papers/MX_DDeqRegu.pdf,On the Hölder regularity of the weak solution to a drift-diffusion equation with pressure.,https://pan.baidu.com/s/1Pjo2P0HVN2bbQpQ5rWQ9-w?pwd=wwtu
16,papers/XY_diff-DD.pdf,On the differentiability issue of the drift-diffusion equation with nonlocal Lévy-type diffusion.,https://pan.baidu.com/s/1aTpZ6VkjlxvegQ8r5wpb-w?pwd=impw
15,papers/WXXY_Bouss.pdf,Regularity results for the 2D Boussinesq equations with critical or supercritical dissipation.,https://pan.baidu.com/s/1Q8MiDhQiadjMPQvanK-Rjg?pwd=byrq
14,papers/X_SS-SQG.pdf,On the locally self-similar solution of the surface quasi-geostrophic equation with decaying or non-decaying profiles.,https://pan.baidu.com/s/1WXCzBoMi6vTUsbJYjXhcWQ?pwd=77hd
13,papers/X_SS-Euler.pdf,On the locally self-similar singular solutions for the incompressible Euler equations.,https://pan.baidu.com/s/18JxnELIkrqUuH9wavvF_Ng?pwd=dt3i
12,papers/X_DSS-NS.pdf,On the discretely self-similar solutions for the 3D Navier-Stokes equations.,https://pan.baidu.com/s/17nqkRjQe7BqgfI77PhQMWw?pwd=snm7
11,papers/CX_SS-SQG.pdf,Remarks on self-similar solutions for the surface quasi-geostrophic equation and its generalization.,https://pan.baidu.com/s/1Cer668tftMFdHnkpTs4DuQ?pwd=2gmk
10,papers/LMX_dislocation.pdf,On the well-posedness of a 2D nonlinear and nonlocal system arising from the dislocation dynamics.,https://pan.baidu.com/s/1r9yF-NypBZNf9jleDzsgtQ?pwd=g1bx
9,papers/XX_Yud-Bouss.pdf,Yudovich type solution for the 2D inviscid Boussinesq system with critical and supercritical dissipation.,https://pan.baidu.com/s/1kYrkCKkANGqWISPSL3Uoag?pwd=7pkz
8,papers/CMX_dispSQG.pdf,Global regularity for the supercritical dissipative quasi-geostrophic equation with large dispersive forcing.,https://pan.baidu.com/s/1nUOvEQIPsdrry_uZJEKYhA?pwd=kctx
7,papers/XZ_SupC-SQG.pdf,Note on the well-posedness of a slightly supercritical surface quasi-geostrophic equation.,https://pan.baidu.com/s/1Z9PPmGbYCHO4htljqCSL5g?pwd=artj
6,papers/WX_Benard.pdf,Global well-posedness for the 2D inviscid Bénard system with fractional diffusivity and Yudovich's type data.,https://pan.baidu.com/s/1CH3IGsSlYgY-zxHbG6sM_g?pwd=dj8u
5,papers/MX_modSQG.pdf,Global well-posedness for a modified critical dissipative quasi-geostrophic equation.,https://pan.baidu.com/s/1av-ujvqVW6XEU0vOaSv_tg?pwd=rt3q
4,papers/MX_gSQG.pdf,On the regularity of a class of generalized quasi-geostrophic equations.,https://pan.baidu.com/s/1qcEjedo42M4v3RJjZIdXcw?pwd=5x7d
3,papers/MX_BoussNS.pdf,On the global well-posedness of a class of Boussinesq-Navier-Stokes systems.,https://pan.baidu.com/s/1EDMc6KPTTxVK9krIjiENZA?pwd=nynd
2,papers/X_micropolar.pdf,Wellposedness and zero microrotation viscosity limit of the 2D micropolar fluid equations.,https://pan.baidu.com/s/1CSN-Z4TdTeLxofuDSdBu8Q?pwd=taj9
1,papers/Xue_pm.pdf,On the well-posedness of incompressible flow in porous media with supercritical diffusion.,https://pan.baidu.com/s/135DjzOHuAkzJFn6ao1ti3w?pwd=p4d3
